{
  "LogisticRegression": {
    "accuracy": 0.9712948133546877,
    "precision": 0.9754288363467779,
    "recall": 0.9707035755478662,
    "f1": 0.9730604694184298
  },
  "PassiveAggressive": {
    "accuracy": 0.9762227423925095,
    "precision": 0.9767495395948435,
    "recall": 0.9787773933102653,
    "f1": 0.9777624150247725
  },
  "MultinomialNB": {
    "accuracy": 0.9390168781569546,
    "precision": 0.9526166902404526,
    "recall": 0.9321799307958477,
    "f1": 0.9422875131164743
  }
}