,accuracy,precision,recall,f1
Baseline (PassiveAggressive),0.9762227423925095,0.9767495395948435,0.9787773933102653,0.9777624150247725
GPT-4o (chain_of_thought),0.825,0.75,1.0,0.8571428571428571
